Country,Season,Year,Sampling site,Stream_Velocity,Stream_Depth,Steam_Width,Water_temperature,Turbidity,pH,Conductivity,DO_conc,DO_sat,BOD,NH4,NO3,PO4,Chironomidae,Baetidae,Hydropsychidae,Hydroptilidae,Libellulidae,Leptophlebidae
Ecuador,Dry,2005,Ecu_1,0.36,0.1,3.6,21.6,NA,7.01,79.9,8.08,92.4,NA,NA,NA,NA,16,1,11,0,4,1
Ecuador,Dry,2006,Ecu_1,0.66,0.15,4.2,22.8,NA,6.9,112.2,8.06,95,NA,NA,NA,NA,119,106,183,0,0,2
Ecuador,Wet,2005,Ecu_1,0.41,0.25,2.53,26.1,NA,6.96,97.2,7.59,97,NA,NA,NA,NA,6,37,28,0,3,9
Ecuador,Wet,2006,Ecu_1,0.35,0.23,4.8,25.6,NA,6.95,100.6,7.79,97.5,NA,NA,NA,NA,287,976,32,4,4,19
Ecuador,Dry,2005,Ecu_2,0.05,0.5,3,22.3,NA,7.51,102.3,7.31,87,NA,NA,NA,NA,13,3,0,1,1,0
Ecuador,Dry,2006,Ecu_2,0.34,0.55,4.8,24,NA,6.7,92,8.1,96.5,NA,NA,NA,NA,2,4,0,0,0,0
Ecuador,Wet,2005,Ecu_2,0.7,0.51,3.8,25.1,NA,5.99,54.4,6.27,85.5,NA,NA,NA,NA,13,27,3,0,0,2
Ecuador,Wet,2006,Ecu_2,0.15,0.6,5.2,24.4,NA,6.96,58.7,7.93,96.3,NA,NA,NA,NA,28,40,0,0,4,3
Ecuador,Dry,2005,Ecu_3,0.31,0.18,2,20.5,NA,7.12,51.6,8.41,94.7,NA,NA,NA,NA,0,6,16,0,4,3
Ecuador,Wet,2005,Ecu_3,0.4,0.37,4.25,22.1,NA,6.19,47.6,7.73,94.6,NA,NA,NA,NA,26,5,7,0,0,6
Ecuador,Dry,2005,Ecu_4,0.15,0.7,11.2,21.3,NA,7.3,35.4,8.97,99.3,NA,NA,NA,NA,2,0,0,0,1,0
Ecuador,Wet,2005,Ecu_4,0.16,0.8,0.55,23,NA,6.9,30.1,7.77,95.8,NA,NA,NA,NA,6,1,24,0,0,29
Ecuador,Dry,2005,Ecu_5,0.47,0.25,7,23.8,NA,7.2,238.8,7.03,84.1,NA,NA,NA,NA,3,2,0,3,4,0
Ecuador,Dry,2006,Ecu_5,0.47,0.55,5.65,23.9,NA,6.8,236.8,7.21,85.6,NA,NA,NA,NA,14,6,0,0,0,0
Ecuador,Wet,2005,Ecu_5,0.41,0.65,7,25.4,NA,6.3,80.7,6.76,86.9,NA,NA,NA,NA,1,0,0,0,1,0
Ecuador,Wet,2006,Ecu_5,0.8,1,12.1,26.2,NA,6.94,129.2,6.91,87.5,NA,NA,NA,NA,35,982,11,1,2,7
Ecuador,Dry,2005,Ecu_6,0.89,0.3,5.1,23.1,NA,8.31,213.9,8.1,97.8,NA,NA,NA,NA,17,10,26,0,13,15
Ecuador,Dry,2006,Ecu_6,0.67,0.45,4,24.1,NA,6.8,116.6,8.27,98.5,NA,NA,NA,NA,37,105,45,1,3,2
Ecuador,Wet,2005,Ecu_6,0.57,0.79,13,25.5,NA,7.12,61.2,7.62,97.2,NA,NA,NA,NA,22,3,0,0,0,0
Ecuador,Wet,2006,Ecu_6,1.26,1.2,8.9,24.6,NA,6.98,63.4,8.04,99.2,NA,NA,NA,NA,9,155,3,0,1,2
Ecuador,Dry,2005,Ecu_7,0.18,0.6,9,19.5,NA,7.7,55.6,8.32,91.5,NA,NA,NA,NA,10,1,2,0,0,0
Ecuador,Dry,2006,Ecu_7,0.2,0.75,7.9,20.1,NA,6.86,64.5,8.94,98.6,NA,NA,NA,NA,260,0,11,0,0,0
Ecuador,Wet,2005,Ecu_7,1.14,0.84,7.75,20.5,NA,6.6,40.2,7.28,92.4,NA,NA,NA,NA,4,8,9,0,0,1
Ecuador,Wet,2006,Ecu_7,1.39,1.1,10,19.9,NA,7.04,45.2,8.22,93,NA,NA,NA,NA,139,131,52,1,3,2
Ecuador,Dry,2005,Ecu_8,0.24,0.2,6.6,21.6,NA,8.09,102.9,8.03,94.3,NA,NA,NA,NA,16,4,1,0,6,2
Ecuador,Dry,2006,Ecu_8,0.25,0.3,6.51,22.8,NA,7.38,101.3,8.14,95.7,NA,NA,NA,NA,20,8,2,0,0,0
Ecuador,Wet,2005,Ecu_8,0.61,0.37,5.04,24.7,NA,7.27,83.9,7.05,92,NA,NA,NA,NA,1,16,14,0,2,1
Ecuador,Wet,2006,Ecu_8,0.47,0.55,7.2,23.5,NA,6.97,72.1,7.68,95,NA,NA,NA,NA,22,69,79,0,20,23
Ecuador,Dry,2005,Ecu_9,0.5,0.5,9.2,21.7,NA,7.85,80.4,7.74,87.1,NA,NA,NA,NA,6,7,1,1,3,1
Ecuador,Dry,2006,Ecu_9,0.27,0.6,10.5,22.6,NA,7.25,78.5,8.16,94.9,NA,NA,NA,NA,4,12,2,0,0,0
Ecuador,Wet,2005,Ecu_9,0.8,0.8,14,22.8,NA,6.6,45.7,7.17,89.9,NA,NA,NA,NA,8,22,6,0,0,0
Ecuador,Wet,2006,Ecu_9,1.59,1.2,13,21.3,NA,7.02,49.7,7.68,92.4,NA,NA,NA,NA,87,1060,135,1,4,30
Ecuador,Dry,2005,Ecu_10,0.04,0.9,9,23.6,NA,6.45,86.3,2.7,33.8,NA,NA,NA,NA,5,16,0,0,0,0
Ecuador,Dry,2006,Ecu_10,0.09,0.65,9.3,25,NA,6.52,87,7.62,92.6,NA,NA,NA,NA,8,14,2,3,0,0
Ecuador,Wet,2005,Ecu_10,0.18,1,13.11,26.3,NA,5.94,67.9,3.8,50.9,NA,NA,NA,NA,1,0,0,0,0,0
Ecuador,Wet,2006,Ecu_10,0.37,1.2,13,26.5,NA,6.91,89.2,5.81,78.1,NA,NA,NA,NA,43,90,0,0,17,0
Ecuador,Dry,2005,Ecu_11,0.33,2,25,23.1,NA,7.07,354.2,4.22,50.5,NA,NA,NA,NA,47,0,0,0,0,0
Ecuador,Dry,2006,Ecu_11,0.1,2,29,24.6,NA,6.97,523,6.8,82.3,NA,NA,NA,NA,0,0,0,0,0,0
Ecuador,Wet,2005,Ecu_11,0.1,1.5,25,27.7,NA,6.74,301.8,4.66,70.4,NA,NA,NA,NA,1,1,0,0,0,0
Ecuador,Wet,2006,Ecu_11,0.35,2,27.8,27,NA,6.97,236,4.88,66.4,NA,NA,NA,NA,3,33,0,0,0,0
Ecuador,Dry,2005,Ecu_12,0.23,0.2,2,20.7,NA,7.36,70,8.19,94.3,NA,NA,NA,NA,6,0,23,0,0,9
Ecuador,Wet,2005,Ecu_12,0.22,0.27,2.85,24,NA,6.78,87.7,6.62,86.7,NA,NA,NA,NA,18,7,27,0,0,7
Ecuador,Dry,2005,Ecu_13,0.13,0.45,8.8,20.1,NA,7.25,35.1,8.86,96.7,NA,NA,NA,NA,39,16,10,1,23,5
Ecuador,Wet,2005,Ecu_13,0.31,1,8.3,23.2,NA,6.56,30,7.58,97.1,NA,NA,NA,NA,22,0,0,0,0,2
Ecuador,Dry,2005,Ecu_14,0.02,0.5,12.3,23.3,NA,6.94,65,7.15,85.2,NA,NA,NA,NA,5,1,0,0,4,0
Ecuador,Dry,2006,Ecu_14,0.34,0.5,5.25,24,NA,6.31,63.5,8.17,97.1,NA,NA,NA,NA,29,12,0,0,3,0
Ecuador,Wet,2005,Ecu_14,0.15,0.85,11.17,26.3,NA,6.78,46.9,7.07,87.8,NA,NA,NA,NA,0,2,0,0,0,0
Ecuador,Wet,2006,Ecu_14,0.33,0.8,8.15,24,NA,7.04,54.4,7.7,93.2,NA,NA,NA,NA,53,174,1,0,12,0
Ecuador,Dry,2005,Ecu_15,0.17,0.6,5,25.8,NA,7.37,501,6.02,75.5,NA,NA,NA,NA,6,0,0,0,30,0
Ecuador,Dry,2006,Ecu_15,0.32,0.5,2.49,24,NA,7.17,520,6.03,71.7,NA,NA,NA,NA,3,8,0,0,3,0
Ecuador,Wet,2005,Ecu_15,0.25,1.15,9,26.2,NA,6.79,324.7,4.62,75.6,NA,NA,NA,NA,3,0,0,0,0,0
Ecuador,Wet,2006,Ecu_15,0.68,0.4,11,29.6,NA,7.01,734,5.66,74.3,NA,NA,NA,NA,1,30,0,0,4,0
Ecuador,Dry,2005,Ecu_16,0.8,0.3,6.1,22.4,NA,7.31,239.3,7.53,87.4,NA,NA,NA,NA,3,0,18,0,7,0
Ecuador,Dry,2006,Ecu_16,0.51,0.9,6.4,24.1,NA,6.41,232.8,7.18,86.3,NA,NA,NA,NA,93,33,72,0,1,0
Ecuador,Wet,2005,Ecu_16,1.31,1.1,10.75,24.6,NA,6.01,76.2,5.27,77.1,NA,NA,NA,NA,8,11,0,0,0,0
Ecuador,Wet,2006,Ecu_16,1.2,1,9.1,26.2,NA,6.98,131.1,7.1,88.1,NA,NA,NA,NA,41,602,1,0,0,4
Ecuador,Dry,2005,Ecu_17,1,0.95,1.6,22.5,NA,6.68,118.5,5.57,64.6,NA,NA,NA,NA,1,18,11,0,8,0
Ecuador,Wet,2005,Ecu_17,0.69,1.05,5.93,26.5,NA,5.54,105,4.4,63.6,NA,NA,NA,NA,3,18,0,0,2,0
Ecuador,Dry,2005,Ecu_18,0.32,0.6,5,23,NA,7.22,316.7,7.24,86.3,NA,NA,NA,NA,5,0,0,0,3,0
Ecuador,Dry,2006,Ecu_18,0.17,0.9,6,24.1,NA,6.6,325.3,6.01,71.4,NA,NA,NA,NA,5,25,0,0,0,0
Ecuador,Wet,2005,Ecu_18,0.29,0.7,4.4,25.1,NA,6.29,241,5.9,76.4,NA,NA,NA,NA,0,10,0,0,0,0
Ecuador,Wet,2006,Ecu_18,0.37,0.55,4.2,27.6,NA,6.98,451.8,5.27,70.4,NA,NA,NA,NA,102,5,0,0,0,0
Ecuador,Dry,2005,Ecu_19,0.47,0.5,5,23.5,NA,7.06,288.6,6.83,80.2,NA,NA,NA,NA,3,0,0,0,4,0
Ecuador,Dry,2006,Ecu_19,0.51,0.6,4.2,24,NA,6.69,309.9,6.27,74.5,NA,NA,NA,NA,7,23,6,0,2,0
Ecuador,Wet,2005,Ecu_19,0.27,0.75,4.2,26.3,NA,6.44,224.8,5.55,75.5,NA,NA,NA,NA,33,41,10,2,1,0
Ecuador,Wet,2006,Ecu_19,0.31,0.95,2.9,27,NA,6.96,445,4.43,58.1,NA,NA,NA,NA,326,78,3,0,0,0
Ecuador,Dry,2005,Ecu_20,0.2,0.45,5,24.2,NA,7.12,509,4.94,60.5,NA,NA,NA,NA,9,0,0,0,6,0
Ecuador,Dry,2006,Ecu_20,0.24,0.45,4.46,23.3,NA,6.99,560,5.35,63.5,NA,NA,NA,NA,3,0,0,0,0,0
Ecuador,Wet,2005,Ecu_20,0.23,0.76,6.48,26.7,NA,6.6,292.2,4.34,55.8,NA,NA,NA,NA,7,7,0,0,0,0
Ecuador,Wet,2006,Ecu_20,0.42,0.4,6.1,30.4,NA,6.95,713,4.71,66.8,NA,NA,NA,NA,4,2,0,0,1,0
Ecuador,Dry,2005,Ecu_21,0.22,0.2,3.3,23.6,NA,7.51,243.4,7.99,98.2,NA,NA,NA,NA,0,4,0,0,22,0
Ecuador,Dry,2006,Ecu_21,0.15,0.2,3,23,NA,6.98,226.2,7.11,87.2,NA,NA,NA,NA,0,0,0,0,0,0
Ecuador,Wet,2005,Ecu_21,0.25,0.78,5.8,25.6,NA,7.11,119.6,7.58,86.6,NA,NA,NA,NA,0,1,0,0,0,0
Ecuador,Wet,2006,Ecu_21,0.25,0.15,2.7,32.1,NA,6.95,289.7,5.94,83.4,NA,NA,NA,NA,50,18,0,0,0,0
Ecuador,Dry,2005,Ecu_22,0.67,0.15,5.35,21.6,NA,7.38,54.5,9.07,99.8,NA,NA,NA,NA,5,2,7,0,5,2
Ecuador,Dry,2006,Ecu_22,0.53,0.35,6.2,22,NA,6.57,53.1,8.33,96.8,NA,NA,NA,NA,51,339,92,0,4,39
Ecuador,Wet,2005,Ecu_22,0.97,0.42,5.77,23.6,NA,6.68,42.2,7.05,87.9,NA,NA,NA,NA,25,70,36,0,2,1
Ecuador,Wet,2006,Ecu_22,0.89,0.55,9,24,NA,6.95,42.7,7.81,98.4,NA,NA,NA,NA,10,67,9,0,0,29
Ecuador,Dry,2005,Ecu_23,0.47,0.15,2.9,21.6,NA,7.06,66.8,8.42,97.3,NA,NA,NA,NA,11,16,35,0,6,21
Ecuador,Dry,2006,Ecu_23,0.73,0.3,4,22.1,NA,6.52,69.3,8.4,96.5,NA,NA,NA,NA,81,97,163,1,1,58
Ecuador,Wet,2005,Ecu_23,0.82,0.34,2.72,24.1,NA,6.67,55.5,7.39,95.5,NA,NA,NA,NA,0,9,28,0,1,2
Ecuador,Dry,2005,Ecu_24,0.47,0.15,5.9,21.8,NA,7.22,47.1,8.13,94.5,NA,NA,NA,NA,1,2,43,4,6,0
Ecuador,Dry,2006,Ecu_24,0.69,0.4,4.1,21,NA,6.71,46.8,5.84,67,NA,NA,NA,NA,45,215,58,0,11,59
Ecuador,Wet,2005,Ecu_24,0.73,0.29,8.7,24.7,NA,6.81,38.2,7.21,98.8,NA,NA,NA,NA,7,42,22,0,0,6
Ecuador,Dry,2005,Ecu_25,0.33,0.06,0.9,16.9,NA,7.48,66.7,6.98,75.6,NA,NA,NA,NA,8,0,4,0,0,9
Ecuador,Dry,2006,Ecu_25,0.33,0.05,1.4,17.7,NA,6.61,60,7.89,85,NA,NA,NA,NA,57,9,98,1,0,45
Ecuador,Wet,2005,Ecu_25,0.77,0.19,1.01,17.1,NA,6.6,38.5,7.89,85,NA,NA,NA,NA,1,16,8,0,0,14
Ecuador,Wet,2006,Ecu_25,1,0.15,1,17.6,NA,6.87,46.7,7.03,93.9,NA,NA,NA,NA,11,53,114,0,0,6
Ecuador,Dry,2005,Ecu_26,0.4,0.15,6,18.7,NA,7.52,46.6,8.28,89.7,NA,NA,NA,NA,3,8,32,0,0,6
Ecuador,Dry,2006,Ecu_26,0.62,0.35,4.8,17.6,NA,6.76,54.4,7.8,83.2,NA,NA,NA,NA,156,139,313,0,1,7
Ecuador,Wet,2005,Ecu_26,1.42,1.5,10.2,17.9,NA,7.01,35.7,7.5,85.1,NA,NA,NA,NA,9,24,83,1,0,7
Ecuador,Wet,2006,Ecu_26,1.62,0.55,7.3,18.9,NA,7.02,39.4,7.96,96,NA,NA,NA,NA,64,38,40,1,1,5
Ecuador,Dry,2005,Ecu_27,0.5,0.15,2.7,18.7,NA,7.66,80.3,6.99,79.9,NA,NA,NA,NA,5,4,32,0,0,0
Ecuador,Dry,2006,Ecu_27,0.48,0.25,2.4,18.5,NA,7.18,77.4,7.88,84,NA,NA,NA,NA,207,63,331,0,0,20
Ecuador,Wet,2005,Ecu_27,0.74,0.43,3.4,19.3,NA,7.03,53.1,7.42,81.5,NA,NA,NA,NA,0,2,4,0,0,1
Ecuador,Wet,2006,Ecu_27,0.8,0.4,3,19,NA,6.7,61.4,7.56,97.5,NA,NA,NA,NA,3,13,42,0,0,8
Ecuador,Dry,2005,Ecu_28,0.4,0.8,12.55,23,NA,7.16,198,6.9,81,NA,NA,NA,NA,6,6,12,0,1,0
Ecuador,Dry,2006,Ecu_28,0.29,0.6,16,23.8,NA,7.95,179.3,7.76,91.4,NA,NA,NA,NA,25,3,0,0,0,0
Ecuador,Wet,2005,Ecu_28,1,0.7,7.65,24.8,NA,6.65,75.5,6.8,89.7,NA,NA,NA,NA,2,23,10,0,0,0
Ecuador,Wet,2006,Ecu_28,0.5,0.9,18.56,25.3,NA,7,138.4,7.22,88,NA,NA,NA,NA,79,0,0,0,3,2
Ecuador,Dry,2005,Ecu_29,0.8,0.25,4,21.8,NA,6.93,51.1,8.57,98.6,NA,NA,NA,NA,4,1,9,0,2,2
Ecuador,Dry,2006,Ecu_29,0.91,0.3,4.1,22.6,NA,6.09,55,8.5,98.8,NA,NA,NA,NA,23,124,14,0,6,3
Ecuador,Wet,2005,Ecu_29,0.81,0.67,10.25,26.5,NA,6.81,44.7,7.29,96,NA,NA,NA,NA,27,34,65,0,6,14
Ecuador,Wet,2006,Ecu_29,2.05,0.45,4.9,24.3,NA,6.74,49,8.91,93.5,NA,NA,NA,NA,26,357,84,0,21,156
Ethiopia,Dry,2006,Eth_1,0.92,0.24,12,20,49,8.1,100,8.4,94,1.4,1.3,0.12,0.12,4,0,26,0,0,0
Ethiopia,Dry,2007,Eth_1,1,0.28,12,23,63,8,100,6.3,100,2.1,0.68,2.04,0.53,2,5,18,0,3,0
Ethiopia,Dry,2008,Eth_1,1.58,0.3,5.5,24,17,8.5,160,6.6,96,3.2,0.23,0.12,0.12,6,12,16,0,2,0
Ethiopia,Dry,2009,Eth_1,0.4,0.2,4,19.9,NA,8.2,110.9,7.74,101.5,2.3,0.9,1.5,0.2,35,86,17,0,0,0
Ethiopia,Dry,2010,Eth_1,1,0.35,10,15.3,NA,8.15,126.4,8.18,101.6,6.9,0.03,0.32,1.5,11,8,20,0,3,0
Ethiopia,Dry,2011,Eth_1,1.2,0.8,8,18.2,680,7.08,62,7.6,100,17,0.35,18.25,0.15,10,2,0,0,0,0
Ethiopia,Wet,2008,Eth_1,1,0.38,10,17.3,57,7.5,100,3.8,54,1.3,0.22,1.31,1,4,113,7,0,0,0
Ethiopia,Wet,2009,Eth_1,0.8,0.5,10,17.6,NA,7.11,70.7,7.5,101,1.2,0.02,1.46,0.03,3,0,0,0,1,0
Ethiopia,Wet,2010,Eth_1,1.2,0.6,10,17.1,NA,8.55,117.3,8,101.7,7.8,0.04,0.1,0.06,11,13,44,0,8,0
Ethiopia,Dry,2009,Eth_10,0.5,0.15,5,17,NA,7.44,47.3,7.51,89,2.5,0.75,4.2,0.02,11,2,11,0,3,0
Ethiopia,Dry,2010,Eth_10,0.6,0.12,7.2,15.8,24.8,7.69,53.1,7.65,99.8,6.5,0.02,3.19,0.02,15,18,17,0,3,0
Ethiopia,Dry,2011,Eth_10,0.7,0.15,4.2,16.7,23.2,7.21,52.8,7.41,98.1,9,0.17,9.12,0.14,3,33,7,0,0,0
Ethiopia,Wet,2008,Eth_10,0.7,0.1,3,13.9,14,7.28,60,NA,96,2.3,0.01,1.3,0.01,1,3,51,0,10,0
Ethiopia,Wet,2009,Eth_10,0.9,0.2,3,16.2,NA,7.55,50.8,7.67,100.3,1,0.03,0.59,0.02,7,9,80,0,4,0
Ethiopia,Wet,2010,Eth_10,0.72,0.16,4.5,16,NA,8.06,57,7.53,98.3,24.3,0.04,0.46,0.1,1,2,2,0,0,0
Ethiopia,Wet,2009,Eth_11,0.4,0.8,5,18.7,NA,7.69,135,7.1,96.5,1,0.02,0.6,0.02,2,10,15,0,2,0
Ethiopia,Wet,2010,Eth_11,0.45,0.44,4,18.1,NA,7.99,126.7,7.38,98.3,14,0.04,0.92,0.15,20,2,8,0,0,0
Ethiopia,Dry,2008,Eth_12,0.51,0.5,2.5,18.5,17,7,90,7.4,95,2.2,0.1,1.9,0.02,5,0,0,0,0,0
Ethiopia,Dry,2009,Eth_12,0.32,0.3,5.5,20.6,NA,7.9,206.3,7.04,100,1.8,1.6,0.33,0.88,2,0,2,0,5,0
Ethiopia,Dry,2010,Eth_12,0.6,0.3,6.5,23.7,39,7.52,142.8,6.52,98.3,3.9,0.02,5.05,1.9,8,29,62,0,2,0
Ethiopia,Dry,2011,Eth_12,0.4,0.55,3.6,20.4,92,7.5,163.5,6.89,97.2,13,0.16,10.45,0.16,4,25,0,0,0,0
Ethiopia,Wet,2008,Eth_12,0.55,0.33,6,17.7,39,6.8,80,6.8,94,3.8,0.13,1.85,0.03,21,7,0,0,3,0
Ethiopia,Wet,2010,Eth_12,0.53,0.45,3,16.4,NA,8.01,90.7,7.68,99.3,21,0.04,0.24,0.03,0,6,50,0,0,0
Ethiopia,Wet,2009,Eth_12,0.33,1,5,18.8,NA,7.68,90.4,7.1,96.7,1,0.02,0.65,0.03,0,39,34,0,7,0
Ethiopia,Dry,2008,Eth_13,0.58,0.06,5,21,45,7.4,100,6.5,73,3.7,0.66,2.12,0.4,0,0,0,0,3,0
Ethiopia,Dry,2009,Eth_13,0.18,0.4,2,20.5,NA,7.56,78.3,6.57,89.4,7,1.7,1.9,1.1,1,0,0,0,1,0
Ethiopia,Dry,2010,Eth_13,0.8,0.9,6,20.5,57.2,6.93,65.2,6.23,85.4,4.6,0.02,7.71,0.14,17,30,0,0,0,0
Ethiopia,Dry,2011,Eth_13,0.9,0.8,3.8,19.6,225,6.62,64,6.64,89.4,46,0.06,8.9,0.2,14,8,2,0,1,0
Ethiopia,Dry,2006,Eth_13,0.33,0.23,4,20,65,7.5,90,8.8,98,1.8,0.69,0.29,0.46,1,0,0,0,0,0
Ethiopia,Dry,2007,Eth_13,1,0.2,5,21,151,7.1,70,6.2,83,1.4,1,3.3,0.78,0,0,0,0,0,0
Ethiopia,Wet,2009,Eth_13,0.8,0.5,8,19.1,NA,6.94,54.4,6.3,85.1,1.1,1.23,0.76,0.19,41,52,1,0,0,0
Ethiopia,Wet,2007,Eth_13,1.75,0.5,6,19,34,6.9,60,6.6,78,1.2,0.54,2.9,0.4,4,35,29,0,0,2
Ethiopia,Dry,2011,Eth_14,0.6,1.5,12,20.4,210,6.95,73.5,6.45,87.9,15,0.33,17.76,0.13,7,24,45,0,0,0
Ethiopia,Dry,2008,Eth_15,NA,0.8,na,19,115,7,80,7.8,99,2.2,1.7,0.27,0.99,4,9,0,0,0,0
Ethiopia,Dry,2008,Eth_15,NA,0.8,na,23,40,7.3,90,5,66,3.7,0.06,1.3,0.17,35,0,0,0,4,0
Ethiopia,Dry,2010,Eth_16,NA,0.5,na,27.5,164,7.7,83.3,6.34,98.2,5.8,0.02,4.41,1,29,79,3,0,0,0
Ethiopia,Dry,2008,Eth_16,NA,0.8,na,24,60,7.8,100,6.5,69,2.5,0.12,0.96,0.09,23,0,0,0,0,0
Ethiopia,Dry,2008,Eth_16,NA,0.8,na,22,46,7.3,100,5.9,70,4.2,0.74,3.74,1.96,12,0,0,0,0,0
Ethiopia,Dry,2008,Eth_16,NA,0.8,na,17,120,7.3,70,7.9,100,2,1.7,0.21,0.91,10,5,0,0,0,0
Ethiopia,Dry,2011,Eth_16,NA,NA,NA,22.2,264,6.86,76.8,5.18,72.9,15,0.36,19.97,0.4,2,118,0,0,0,0
Ethiopia,Wet,2009,Eth_16,NA,0.8,na,24,NA,7.8,100,6.5,69,2.5,0.2,0.96,0.01,6,7,7,0,17,0
Ethiopia,Wet,2008,Eth_16,NA,0.5,na,20.7,38,6.97,100,NA,86,4.9,0.04,6.51,0.04,0,19,0,0,8,0
Ethiopia,Dry,2008,Eth_17,NA,0.8,na,23.1,49,7.4,100,5.9,78,3.3,0.5,1.65,1.69,21,0,0,0,0,0
Ethiopia,Dry,2008,Eth_17,NA,0.8,na,19,110,6.9,70,7.4,98,1.8,1.6,0.33,0.88,5,16,25,0,6,0
Ethiopia,Dry,2010,Eth_17,NA,0.5,na,27.4,120,7.84,92.9,5.97,92.5,4.9,0.04,6.51,0.02,0,0,0,0,0,0
Ethiopia,Dry,2008,Eth_17,NA,0.8,na,22,75,7.9,110,6.2,70,3,0.21,0.89,0.2,28,0,0,0,0,0
Ethiopia,Dry,2011,Eth_17,NA,NA,NA,22.8,328,7.47,85.2,5.76,81.9,22,0.39,20.02,0.23,25,21,3,0,2,0
Ethiopia,Wet,2008,Eth_17,NA,0.5,na,27.4,101.1,7.83,80,4.64,67,3.1,1.4,1.39,1.3,6,5,0,0,1,0
Ethiopia,Wet,2009,Eth_17,NA,0.8,na,22,NA,7.9,110,6.2,70,3,0.21,0.89,0.4,1,35,2,0,1,0
Ethiopia,Wet,2008,Eth_18,NA,0.8,na,19,64.45,7.7,80,NA,154,1.8,1.6,0.33,0.88,26,22,70,0,6,0
Ethiopia,Wet,2009,Eth_18,NA,0.8,na,23.1,NA,7.4,100,5.9,78,3.3,0.5,1.65,0.16,13,13,18,0,1,0
Ethiopia,Dry,2006,Eth_19,0.03,0.2,43,25,12,8.2,450,8.5,110,2,1.24,0.02,0.01,0,0,0,0,0,0
Ethiopia,Dry,2007,Eth_19,0.01,0.3,40,27.5,12.3,7.3,410,6.8,132,3,0.58,1,0.2,5,5,0,0,0,0
Ethiopia,Dry,2008,Eth_19,0.01,0.3,40,25,6,8.5,380,5.7,90,3.4,0.1,0.54,0.05,4,0,0,0,3,0
Ethiopia,Dry,2010,Eth_19,0.05,0.44,40,20.8,204,8.11,455,6.24,90.8,4.8,0.02,0.15,0.01,125,75,80,0,0,0
Ethiopia,Dry,2011,Eth_19,0.05,0.3,30,21.7,153,7.68,346,6.7,93.4,21,0.31,16.74,0.14,7,35,4,0,0,0
Ethiopia,Wet,2008,Eth_19,0.01,0.42,40,20.8,24,7.48,400,NA,60,2.8,0.06,2.64,0.14,5,106,7,0,0,0
Ethiopia,Wet,2009,Eth_19,0.01,0.65,40,26.1,NA,7.97,383,7.15,107.9,1.2,0.03,0.09,0.03,10,16,78,0,4,0
Ethiopia,Wet,2010,Eth_19,0.01,0.4,41,27.2,NA,8.26,310,6.76,105,15.7,0.03,0.5,0.03,0,5,47,0,6,0
Ethiopia,Dry,2006,Eth_2,0.05,0.35,2,21,6,7.8,150,6.7,98,0.4,1.34,0.04,0.22,0,0,0,0,0,0
Ethiopia,Dry,2007,Eth_2,0.2,0.32,4,23,23,8,110,6.5,120,1.7,0.04,0.18,0.21,2,0,0,0,5,0
Ethiopia,Dry,2008,Eth_2,0.04,0.21,3.4,22.4,25,7.6,140,6.2,78,3.1,1.4,1.39,1.3,11,24,21,0,0,0
Ethiopia,Dry,2009,Eth_2,0.27,0.21,5,24.6,NA,8.06,161.8,6.91,99.2,2.2,0.1,1.9,0.02,0,8,11,0,1,0
Ethiopia,Dry,2010,Eth_2,0.05,0.2,5,20,NA,7.97,153.8,6.89,93.1,7.5,0.04,0.27,0.01,8,51,73,0,20,0
Ethiopia,Dry,2011,Eth_2,0.8,0.16,3.2,22.2,125,7.36,101.7,7.2,99.8,14,0.35,19.26,0.1,6,82,3,0,0,0
Ethiopia,Wet,2006,Eth_2,1.2,0.9,3,19,114,7.2,90,9.2,123,1.5,2.5,0.87,0.85,5,1,0,0,0,0
Ethiopia,Wet,2007,Eth_2,1.2,0.72,5.4,21,86,7.4,80,6.8,105,1.1,1,4.8,0.83,12,4,2,0,0,0
Ethiopia,Wet,2008,Eth_2,0.62,0.6,6,20.3,28,7.45,90,NA,99,2.4,0.2,0.86,0.11,3,7,27,0,29,0
Ethiopia,Wet,2009,Eth_2,0.27,0.21,5,17.3,NA,7.4,113.7,7.72,98.3,1.2,0.03,0.9,0.03,4,28,68,0,50,0
Ethiopia,Dry,2010,Eth_20,0.91,0.6,7,16.2,NA,7.91,109.2,7.01,92.7,7.7,0.03,0.32,0.02,16,2,0,0,1,0
Ethiopia,Dry,2008,Eth_20,0.22,0.6,7,25,13,7.7,110,5.3,123,24,0.08,1.3,0.01,16,15,27,0,0,0
Ethiopia,Dry,2009,Eth_20,0.66,0.7,10,20.4,NA,7.84,82.3,7.24,96,3,0.8,3.4,0.25,4,2,18,0,4,0
Ethiopia,Dry,2011,Eth_20,0.4,2,8,21.5,134,7.23,61.3,6.92,97.5,42,0.17,8.37,0.18,44,120,0,0,0,0
Ethiopia,Wet,2009,Eth_20,0.66,1.9,12,18.5,NA,7.36,57.7,7.35,99.4,0.9,0.64,0.94,0.45,4,7,8,0,0,0
Ethiopia,Wet,2010,Eth_20,1.5,0.35,10,18,NA,8.13,81.4,7.61,98.4,21.6,0.03,0.39,0.19,18,5,0,0,0,0
Ethiopia,Dry,2008,Eth_21,0.35,0.6,9,19,14,7.6,110,4.8,85,2.7,0.37,1.25,0.06,3,26,10,0,0,0
Ethiopia,Dry,2009,Eth_21,0.66,0.7,10,20,NA,7.79,81.6,7.26,98.8,4.1,0.6,1.23,0.21,18,38,33,0,18,0
Ethiopia,Dry,2010,Eth_21,1.25,0.5,8,15.5,NA,7.98,109.1,7.84,97.9,7.3,0.01,0.22,0.04,3,2,0,0,2,0
Ethiopia,Dry,2011,Eth_21,0.4,2,8,20.4,150,7.07,61,7.05,96.4,40,0.41,8.41,0.19,53,84,3,0,0,0
Ethiopia,Wet,2008,Eth_21,0.8,0.7,10,18.5,57,7.17,100,7.52,96.4,3,0.8,3.4,0.25,32,82,55,0,21,0
Ethiopia,Wet,2009,Eth_21,0.7,0.8,12,17.3,NA,7.83,98.5,7.58,97.1,2,0.02,0.13,0.04,2,12,1,0,4,0
Ethiopia,Wet,2010,Eth_21,0.81,0.6,12,19.5,NA,6.19,83.9,7.25,97.7,19.4,0.03,0.54,0.12,1,32,14,0,0,0
Ethiopia,Wet,2008,Eth_21,0.9,0.8,8,16,41.44,7.27,90,7.31,91.2,7.3,0.01,0.22,0.04,25,1,0,0,0,0
Ethiopia,Dry,2006,Eth_22,0.25,1.3,20,23,77,7.6,140,6.5,83,2.4,1.28,0.13,0.63,6,0,0,0,1,0
Ethiopia,Dry,2008,Eth_22,0.16,1.48,21,22,19,7.4,160,5.8,100,2.2,0.37,1.26,0.4,2,5,27,0,0,0
Ethiopia,Dry,2008,Eth_23,0.46,0.2,38,23,22,7.7,160,5.7,77,2.2,0.02,1.28,0.02,10,3,0,0,0,0
Ethiopia,Dry,2010,Eth_23,0.4,0.8,20,23.9,NA,7.39,123,5.53,79.8,3,0.21,0.89,0.4,2,0,0,0,10,0
Ethiopia,Dry,2010,Eth_23,0.7,0.8,40,20,484,6.7,74.7,3.62,49.1,7.6,0.1,4.52,0.02,8,42,11,0,3,0
Ethiopia,Dry,2011,Eth_23,0.4,2,38,21.1,222,7.01,81.8,5.68,78.5,18,0.05,19.35,0.09,20,33,0,0,1,0
Ethiopia,Dry,2006,Eth_23,0.3,0.8,35,23,124,7.7,120,8,78,2.8,1.34,0.25,0.68,0,0,0,0,0,0
Ethiopia,Dry,2007,Eth_23,0.34,0.48,38,15.2,37,7.4,120,5.5,87,2,0.13,1.4,0.14,5,10,6,0,0,0
Ethiopia,Wet,2009,Eth_23,0.6,1.2,38,22.6,NA,7.56,115.5,5.88,83.4,1.5,0.06,0.4,0.05,8,0,0,0,2,0
Ethiopia,Wet,2010,Eth_23,0.8,0.98,35,22.3,NA,7.67,98.9,6.03,85.4,46,0.03,0.26,0.08,20,160,31,0,1,0
Ethiopia,Wet,2008,Eth_23,0.6,1.2,30,21.3,46,6.54,100,NA,100,2.5,0.12,0.96,0.09,4,0,35,0,6,0
Ethiopia,Dry,2006,Eth_24,0.43,0.5,40,24,79,7.4,120,6.5,70,1.3,0.76,0.02,0.7,0,0,0,0,0,0
Ethiopia,Dry,2007,Eth_24,0.4,0.47,33,15.2,39,7.4,120,5,80,0.7,0.13,1.4,0.21,0,1,10,0,3,0
Ethiopia,Dry,2008,Eth_24,0.3,0.52,31,23,28,7.5,170,5.7,77,4.1,0.08,1.05,0.18,19,0,0,0,0,0
Ethiopia,Dry,2010,Eth_24,0.35,0.9,20,24.8,NA,7.44,121.3,5.25,77.3,2,0.5,1.67,0.06,10,4,28,0,1,0
Ethiopia,Dry,2010,Eth_24,0.7,0.8,40,20,577,6.98,73.7,3.5,47.2,7.5,0.1,7.35,0.02,4,4,0,0,0,0
Ethiopia,Dry,2011,Eth_24,0.4,1.5,50,20.6,282,6.91,82.7,5.77,78.8,19,0.12,20.24,0.09,50,35,3,0,1,0
Ethiopia,Wet,2009,Eth_24,0.6,1.2,38,21.3,NA,7.49,116.8,5.83,80.4,1.7,0.04,0.89,0.03,8,8,3,0,1,0
Ethiopia,Wet,2010,Eth_24,0.8,0.9,40,21.1,NA,7.54,100.4,6.23,86.1,51,0.03,0.82,0.12,3,7,28,0,0,0
Ethiopia,Dry,2006,Eth_25,0.27,1.2,15,23,75,7.7,150,6.3,87,1.4,1.02,0.12,0.63,0,0,0,0,3,0
Ethiopia,Dry,2008,Eth_25,0.24,1.05,14,18.5,22,7.3,170,5.7,85,4,1.15,2.16,0.7,6,0,2,0,0,0
Ethiopia,Dry,2009,Eth_25,0.1,1.5,15,25.1,NA,7.03,92.6,5.69,84,1.67,0.67,1.89,0.49,5,1,0,0,0,0
Ethiopia,Dry,2011,Eth_25,0.3,3,25,19.4,297,6.84,86.8,5.87,78.3,17,0.09,19.62,0.17,30,52,51,0,1,0
Ethiopia,Dry,2010,Eth_25,0.6,2.2,18,25.2,100,6.84,78.8,3.18,47.6,8.6,0.03,1.96,0.05,6,45,17,0,0,0
Ethiopia,Dry,2010,Eth_28,0.9,1.2,8,22.3,87.7,7.53,71,6.53,94.4,7.6,0.02,3.26,0.3,20,10,0,0,0,0
Ethiopia,Dry,2006,Eth_28,0.95,1,9,20,107,7.8,130,8.5,94,2.2,1.11,0.56,0.4,0,0,0,0,0,0
Ethiopia,Dry,2007,Eth_28,1,1.6,6,19,231,7,50,5.2,80,2.6,0.83,3.79,1.91,0,0,0,0,0,0
Ethiopia,Dry,2008,Eth_28,0.85,1,7,18,16,7.5,140,3.5,75,2.6,0.03,1.33,0.01,8,8,3,0,0,0
Ethiopia,Dry,2011,Eth_28,0.7,1.5,10,18.7,173,7.03,67.6,7.27,95.8,15,0.33,18.29,1.86,7,15,150,0,2,0
Ethiopia,Wet,2008,Eth_28,0.6,1.2,15,16.8,45,7.33,90,NA,49,2.7,0.37,1.25,0.06,7,13,25,0,38,0
Ethiopia,Wet,2009,Eth_28,0.7,1.2,15,20.4,NA,7.8,113.5,6.88,94.7,1.7,0.05,0.11,0.29,32,21,11,0,0,0
Ethiopia,Wet,2010,Eth_28,1,0.6,13,21.7,NA,7.87,99.4,6.64,93.3,11.8,0.03,0.72,0.29,1,23,36,0,0,0
Ethiopia,Dry,2010,Eth_3,0.47,1.2,3.5,23.5,83.2,6.92,102.5,3.21,46.7,80,0.83,0.1,0.16,7,16,9,0,1,0
Ethiopia,Dry,2006,Eth_3,0.1,2,4,21,225,6.7,210,4.1,13,21,2.06,0.71,1,0,0,0,0,0,0
Ethiopia,Dry,2007,Eth_3,0.1,2,4,21.3,52,6.6,180,1,7,16,0.66,1.82,0.7,52,0,0,0,1,0
Ethiopia,Dry,2008,Eth_3,0.05,1.2,4,19,14,6.3,230,1.5,87,2.31,1.7,2,1.9,4,0,0,0,0,0
Ethiopia,Dry,2009,Eth_3,0.15,0.6,2.5,24,NA,7.14,247,0.84,12.3,3,0.05,0.35,0.02,0,7,148,0,9,0
Ethiopia,Dry,2011,Eth_3,0.15,0.8,1.2,22.3,180,7.2,280,0.8,8,170,0.54,2.21,1.3,5,25,3,0,0,0
Ethiopia,Dry,2008,Eth_3,0.05,1.2,4,20,14,6,190,1.4,16,23,1.72,3.33,1.5,57,0,0,0,0,0
Ethiopia,Wet,2007,Eth_3,0.2,1.5,40,20,10,6.4,80,4,25,17,0.83,1.3,1.24,0,0,0,0,1,0
Ethiopia,Wet,2008,Eth_3,0.12,1.25,5,21.2,14,6.9,90,5,65,3.6,0.21,1.27,0.01,0,0,0,0,0,0
Ethiopia,Wet,2009,Eth_3,0.45,0.6,6,19.6,NA,7.16,125,2.8,39.8,1.9,0.01,0.99,0.02,11,51,20,0,43,0
Ethiopia,Wet,2010,Eth_3,NA,NA,NA,18.8,NA,7.3,133.8,2.01,26.4,51,0.04,0.87,0.18,2,17,34,0,0,0
Ethiopia,Wet,2008,Eth_3,0.8,0.8,3.5,18.3,54,6.78,130,4,76,4,1.15,2.16,0.7,15,5,55,0,0,0
Ethiopia,Dry,2006,Eth_31,0.4,0.05,7,20,69,7.9,130,8.9,86,1.6,0.77,0.31,0.4,1,1,0,0,1,0
Ethiopia,Dry,2007,Eth_31,0.53,0.22,7,19,56,7.8,130,7,110,2.7,0.29,1.7,0.22,7,3,6,0,0,0
Ethiopia,Dry,2007,Eth_31,0.71,0.5,8,18,97,7.5,80,6.8,110,1.4,1.01,2.2,0.62,6,0,6,1,20,0
Ethiopia,Dry,2008,Eth_31,0.16,0.16,7,18,10,7.5,170,3.1,78,2.3,0.01,1.3,0.01,5,16,30,0,2,0
Ethiopia,Dry,2009,Eth_31,0.3,1.2,4,22,NA,8.32,172.5,7.48,106,2.8,0.52,0.2,1.49,0,26,9,0,11,0
Ethiopia,Dry,2010,Eth_31,0.33,0.35,7,14.6,NA,7.71,167.1,7.01,86.5,1.4,0.06,0.12,0.88,4,84,17,0,1,0
Ethiopia,Dry,2011,Eth_31,0.7,1.15,6,17.7,541,6.63,58.9,6.49,86.1,160,0.15,11.65,0.38,0,18,0,0,0,0
Ethiopia,Wet,2006,Eth_31,1,0.4,6.5,18,50,7.5,90,9.3,105,2,NA,NA,NA,1,10,2,0,0,2
Ethiopia,Wet,2008,Eth_31,0.3,0.8,3,20,35,7.2,130,7.02,97,3.4,0.1,0.54,0.05,3,30,16,0,19,0
Ethiopia,Wet,2009,Eth_31,0.3,1.2,5,18.7,NA,6.99,94.4,6.72,90.5,1.3,0.23,0.17,0.11,0,0,0,0,0,0
Ethiopia,Wet,2010,Eth_31,0.6,1.1,6,20.5,NA,6.22,119.6,6.3,88.5,9.6,0.03,0.31,0.68,0,8,3,0,0,0
Ethiopia,Dry,2007,Eth_32,0.44,1.2,3.8,18.5,54,7.1,120,6.7,88,1.1,0.33,1.6,0.32,2,8,0,0,0,0
Ethiopia,Dry,2007,Eth_32,0.4,1.5,4,17,52,7,60,6.2,91,1,0.94,2.22,0.53,1,0,0,0,1,0
Ethiopia,Dry,2008,Eth_32,0.06,0.45,2.8,20,15,7.3,160,4,90,8,0.5,2.5,0.01,50,0,0,0,0,0
Ethiopia,Dry,2009,Eth_32,0.42,0.52,6,21.8,NA,7.78,174.6,5.89,84,3.3,0.5,1.65,1.69,7,15,46,0,18,0
Ethiopia,Dry,2010,Eth_32,0.08,0.4,3,15.3,NA,8.1,164.5,7.78,96.8,7.4,0.05,0.64,0.02,5,110,26,0,3,0
Ethiopia,Dry,2011,Eth_32,0.8,0.8,6,18.9,469,7.07,62.7,7.28,98.1,158,0.44,10.36,0.36,5,42,5,0,0,0
Ethiopia,Wet,2006,Eth_32,0.42,1.5,3.8,17.4,47,6.8,90,8.5,82,3.4,NA,NA,NA,13,3,1,0,2,2
Ethiopia,Wet,2008,Eth_32,0.42,0.52,6,16.4,36,6.86,80,NA,120,8,0.5,2.5,0.01,6,1,17,0,0,0
Ethiopia,Wet,2009,Eth_32,0.45,0.3,12,18.2,NA,7.65,91.4,7.26,98.6,1,0.21,0.17,0.14,15,22,6,0,2,0
Ethiopia,Wet,2010,Eth_32,0.72,0.7,6,20.6,NA,7.86,117.1,6.99,97.6,50,0.03,0.27,0.08,0,1,4,0,0,0
Ethiopia,Wet,2008,Eth_32,0.33,0.35,7.15,16.1,110,7.3,121,4,75,2.2,0.37,1.26,0.4,0,0,0,0,0,0
Ethiopia,Dry,2010,Eth_33,0.25,0.1,2.5,17.7,NA,7.78,100.1,7.45,96.8,3,0.03,1.63,0.01,7,42,7,0,34,0
Ethiopia,Dry,2009,Eth_33,0.8,0.1,3,19.1,NA,7.97,97.9,7.76,101.4,3,0.55,0.24,0.17,0,5,100,0,70,0
Ethiopia,Dry,2011,Eth_33,0.44,0.17,2.4,18.5,75,7.64,72.7,7.32,97.9,12,0.17,8.02,0.16,2,130,0,0,0,0
Ethiopia,Wet,2009,Eth_33,0.67,0.2,4.8,17.3,NA,6.8,68.2,7.61,100,2.5,0.01,1.15,0.05,22,16,27,0,0,0
Ethiopia,Wet,2010,Eth_33,0.6,0.2,3,19.5,NA,7.86,61.6,7.16,98.8,41.2,0.03,0.86,0.55,11,11,17,0,18,2
Ethiopia,Wet,2008,Eth_33,0.8,0.1,3,20.9,5,7.22,80,7.54,99,3,0.4,0.56,0.3,8,12,0,0,1,0
Ethiopia,Dry,2010,Eth_34,0.6,0.35,6,19.8,199,7.78,97.5,7.13,96.6,6.9,0.04,0.36,0.88,5,10,13,0,0,0
Ethiopia,Dry,2008,Eth_34,0.7,0.22,8,19,15,7.3,120,8.4,90,3.1,1.4,0.56,0.21,6,12,16,0,2,0
Ethiopia,Dry,2008,Eth_34,0.8,0.3,8,19,51,7.3,130,7,105,3.2,0.19,0.18,0.02,2,0,15,0,0,0
Ethiopia,Dry,2009,Eth_34,0.27,0.8,10,24.9,NA,7.36,150.9,6.97,103.7,0.3,0.5,5.3,0.01,3,22,0,0,0,0
Ethiopia,Dry,2011,Eth_34,0.6,0.8,8,20,63.8,7.57,104.1,7.17,98,15,0.31,18.56,0.08,2,32,30,0,0,0
Ethiopia,Wet,2008,Eth_34,0.31,0.28,10,17.5,29.15,7.43,120,NA,100,4,0.55,1.36,0.04,60,5,0,0,0,0
Ethiopia,Wet,2009,Eth_34,0.5,0.25,10,18.2,NA,8.09,129.5,7.4,100.9,0.9,0.04,1.09,0.06,3,32,57,0,17,0
Ethiopia,Wet,2010,Eth_34,0.73,0.53,7,19.5,NA,8.39,135.4,7.38,98.7,17,0.04,0.49,0.04,11,260,24,0,0,0
Ethiopia,Dry,2009,Eth_35,0.49,1,7,20.9,NA,6.77,179.6,0.34,4.6,2,0.2,0.42,0.01,5,17,19,0,21,0
Ethiopia,Wet,2010,Eth_35,NA,NA,NA,20.8,NA,7.21,134.4,2.09,28.6,17,0.04,0.26,0.16,23,5,0,0,10,0
Ethiopia,Dry,2008,Eth_36,0.67,0.15,1.7,19,46,7.1,80,7.3,85,3,0.05,0.35,0.02,9,3,0,0,16,0
Ethiopia,Dry,2009,Eth_36,0.3,0.08,1.5,17.7,NA,7.87,146.6,7.1,93,3.2,0.19,0.18,0.02,1,4,2,0,2,0
Ethiopia,Dry,2010,Eth_36,0.34,0.14,1.85,19.9,54.2,7.67,128.8,7.11,97.3,3.4,0.02,2.75,0.04,1,0,0,0,0,0
Ethiopia,Dry,2011,Eth_36,0.22,0.09,0.7,18.7,52.6,7.03,149.2,6.8,93,8,0.04,19.04,0.06,42,0,0,0,0,0
Ethiopia,Wet,2009,Eth_36,0.7,0.12,2,18.9,NA,7.64,102.9,7.22,96.9,1.5,0.02,1.04,0.05,2,13,5,0,2,0
Ethiopia,Wet,2010,Eth_36,0.5,0.3,2,17.6,NA,8.01,96.8,7.56,98,21,0.04,0.43,0.09,61,0,0,0,0,0
Ethiopia,Dry,2010,Eth_37,0.1,0.6,40,19.6,NA,7.24,161.2,4.79,64.6,15,0.04,0.17,0.14,0,33,25,0,10,0
Ethiopia,Dry,2008,Eth_37,0.1,1.2,2.5,19,24,7.6,150,6.5,89,2.1,0.91,1.31,0.49,0,0,0,0,0,0
Ethiopia,Dry,2008,Eth_37,0.17,2,2.7,18,32,7.2,140,6.6,15,22,1.9,4,1.8,2,0,0,0,0,0
Ethiopia,Dry,2009,Eth_37,0.49,1,5,18,NA,6.82,194.6,0.59,7,3.8,0.13,1.85,0.03,2,44,5,0,19,0
Ethiopia,Dry,2011,Eth_37,0.01,1.1,40,23.8,50.3,7.64,192.2,4.17,61.3,24,0.4,9.3,0.14,1,40,21,0,0,0
Ethiopia,Wet,2008,Eth_37,0.15,0.4,35,17,NA,6.5,100,7.3,90,2,0.2,0.42,0.01,19,10,0,0,7,0
Ethiopia,Wet,2009,Eth_37,0.1,0.6,40,24,NA,6.71,95.3,2.59,38.7,2.3,0.07,0.11,0.03,18,18,13,0,39,0
Ethiopia,Wet,2010,Eth_37,0.37,0.18,3,19.8,NA,7.53,131,4.76,63.7,14,0.04,0.58,0.11,0,0,0,0,4,0
Ethiopia,Dry,2008,Eth_38,0.1,0.01,1,16,22,6.56,60,6,72,2.8,0.52,0.2,1.49,19,41,112,0,0,0
Ethiopia,Dry,2009,Eth_38,0.2,0.1,0.8,16.3,NA,6.8,71,5.85,82,2,1.7,0.21,0.91,0,3,5,0,8,0
Ethiopia,Dry,2010,Eth_38,0.3,0.15,0.6,17.6,8.14,7.35,27.1,6.11,86.6,6.6,0.02,0.34,1.3,8,20,26,0,4,0
Ethiopia,Dry,2011,Eth_38,0.13,0.16,0.8,16.9,8.48,6.74,29.9,6.54,91.4,11,0.15,7.57,0.15,5,94,0,0,0,0
Ethiopia,Dry,2009,Eth_39,0.34,0.1,2.5,21.1,NA,7.69,100,6.59,94,2.31,1.7,2,1.9,4,4,0,0,3,0
Ethiopia,Dry,2011,Eth_39,0.4,0.1,3,21.5,39.6,7.14,72.5,7.04,98.8,12,0.33,21.61,0.32,1,0,0,0,1,0
Ethiopia,Dry,2010,Eth_39,0.42,0.1,2.5,19.8,26.8,7.24,110,5.2,62,9.8,0.03,1.15,1.69,12,8,4,0,0,0
Ethiopia,Wet,2009,Eth_39,0.67,0.14,2.3,18.5,NA,7.58,85.9,7.56,100.1,1.2,0.03,0.08,0.05,20,82,37,0,0,0
Ethiopia,Wet,2010,Eth_39,0.5,0.12,3,19.9,NA,8.11,91.1,7.44,100.9,26.7,0.03,0.42,0.11,180,70,7,0,0,0
Ethiopia,Dry,2006,Eth_4,0.27,0.43,4,23,29,7,230,7.8,60,18,0.87,0.33,0.27,7,0,0,0,0,0
Ethiopia,Dry,2007,Eth_4,0.26,0.43,4,19.5,69,7,100,5.4,83,360,0.81,2.31,0.59,89,1,0,0,0,0
Ethiopia,Wet,2010,Eth_4,0.68,0.48,3.6,17.5,NA,7.67,96.4,7.26,92.5,22,0.04,0.76,0.12,3,0,0,0,0,0
Ethiopia,Dry,2007,Eth_40,0.6,0.15,1.3,19,22,7.6,200,6.2,110,2,0.4,1.6,0.73,9,0,2,0,7,0
Ethiopia,Dry,2010,Eth_40,0.2,0.8,1.6,18.7,267,7.59,130.4,6.63,88,5.8,0.06,6.16,1.8,1,3,1,0,1,0
Ethiopia,Dry,2008,Eth_40,0.2,0.2,1,23,65,7.5,160,4.6,68,3,0.71,3.96,0.02,0,6,6,0,2,0
Ethiopia,Dry,2009,Eth_40,0.18,0.7,2,19.7,NA,7.76,232,5.91,79.8,5.8,0.06,6.16,0.14,7,5,8,0,2,0
Ethiopia,Dry,2011,Eth_40,0.4,0.16,1.5,19.5,51.2,7.25,138.9,6.19,86.4,9,0.04,19.4,0.32,4,9,0,0,0,0
Ethiopia,Wet,2008,Eth_40,0.11,0.41,1.75,16.5,30,7.12,130,NA,75,3.2,0.8,1.6,0.5,2,16,19,0,14,0
Ethiopia,Wet,2009,Eth_40,0.17,0.55,1.5,16.3,NA,7.41,153.7,6.59,86.6,1.5,0.04,1.04,0.04,2,25,35,0,100,0
Ethiopia,Wet,2010,Eth_40,0.18,0.3,1.5,19.1,NA,7.99,154,6.64,88.4,14.8,0.04,0.48,0.07,8,21,26,0,2,0
Ethiopia,Dry,2006,Eth_41,0.11,0.05,3,21,34,8,120,7.9,110,1.8,2.5,0.33,0.26,3,0,0,0,0,0
Ethiopia,Dry,2007,Eth_41,1.8,0.5,4,20,94,7.4,70,7,110,0.5,0.8,5,0.6,7,2,0,0,0,0
Ethiopia,Dry,2008,Eth_41,0.06,0.12,3.6,16.7,12,7.2,140,6.4,80,1.4,1.9,1.54,1,6,0,28,0,8,0
Ethiopia,Dry,2009,Eth_41,0.2,0.2,5,22.7,NA,7.94,133,6.91,97,22,1.9,4,1.8,8,7,15,0,51,0
Ethiopia,Dry,2011,Eth_41,0.3,0.4,3.9,18.9,45.3,6.92,76.3,7.49,99.4,16,0.33,21.74,0.09,0,11,0,1,4,0
Ethiopia,Dry,2010,Eth_41,0.2,0.2,5,20.8,312,7.3,125,6.8,89,4.9,0.04,2.25,0.02,2,6,82,0,0,0
Ethiopia,Wet,2008,Eth_41,0.4,0.1,6,17.2,115,6.43,90,NA,98,3.3,0.05,3.2,0.02,4,49,31,0,1,0
Ethiopia,Wet,2009,Eth_41,0.8,0.22,3.6,17.4,NA,7.18,86.4,7.72,99.9,1.4,0.05,1.2,0.03,1,5,0,0,0,0
Ethiopia,Wet,2010,Eth_41,0.3,0.34,3.5,18.1,NA,7.96,89.5,7.52,98,44.4,0.03,0.86,0.08,0,2,0,0,3,0
Ethiopia,Dry,2006,Eth_42,0.35,0.14,1.6,20,48,7.5,110,7.5,94,1.7,0.96,0.31,0.23,2,0,0,0,2,0
Ethiopia,Dry,2007,Eth_42,0.1,0.21,1.5,21,213,7.2,90,6.4,101,1.4,1.8,0.45,1.38,0,1,1,0,0,0
Ethiopia,Dry,2008,Eth_42,0.03,0.61,2,17,20,7.3,110,6.5,85,2.5,0.05,1.4,0.16,9,8,9,0,0,0
Ethiopia,Dry,2009,Eth_42,0.12,0.5,1.5,19.7,NA,7.41,81.3,6.45,89.5,5,1.7,0.93,1.5,5,10,0,0,0,0
Ethiopia,Dry,2010,Eth_42,0.07,0.3,2,21.5,NA,7.57,117.1,6.23,87.8,8.2,0.06,0.31,0.01,2,17,50,0,12,0
Ethiopia,Dry,2010,Eth_42,0.38,0.2,0.6,17,35,7.31,101.2,6.97,95.7,6.8,0.02,3.12,0.4,5,0,0,0,2,0
Ethiopia,Dry,2011,Eth_42,0.6,0.5,1.2,20.6,136,7.01,71.9,6.96,96.4,18,0.07,8.95,0.2,11,6,4,0,0,0
Ethiopia,Wet,2006,Eth_42,1,0.6,2.5,18.5,167,6.8,70,9,114,2.9,3,0.89,0.8,3,32,3,0,11,0
Ethiopia,Wet,2006,Eth_42,0.89,0.5,2.4,19,NA,NA,NA,NA,NA,NA,NA,NA,NA,5,12,5,0,2,0
Ethiopia,Wet,2007,Eth_42,1,0.5,2,21,50,6.7,70,6.6,104,1.4,0.76,3.8,0.7,26,2,2,0,4,0
Ethiopia,Wet,2008,Eth_42,0.7,0.4,1,18.5,32.48,7.1,80,NA,145,2.6,0.05,3.07,0.02,1,24,18,0,2,0
Ethiopia,Wet,2009,Eth_42,0.6,1,1.5,19.4,NA,7.02,64.5,7.06,96,2,0.91,0.7,0.16,5,5,9,0,0,0
Ethiopia,Wet,2010,Eth_42,0.7,0.5,1.5,21.3,NA,7.73,82.7,6.68,94,10.5,0.04,0.88,0.1,2,7,24,0,0,0
Ethiopia,Dry,2010,Eth_43,0.6,0.46,5.2,21.4,86,7.54,60.8,6.84,97.6,6.7,0.04,3.07,1.96,9,103,35,0,1,0
Ethiopia,Dry,2009,Eth_43,0.36,0.4,5,25.5,NA,6.61,77.7,7.12,104.5,3.4,0.6,1.6,0.16,4,0,0,0,0,0
Ethiopia,Dry,2011,Eth_43,0.8,0.36,3.4,24.2,44.6,7.27,64.6,6.51,97.7,11,0.31,17.14,0.09,0,0,0,0,0,0
Ethiopia,Wet,2008,Eth_43,0.45,0.4,6,18.7,25,7.35,80,NA,98,2.5,0.05,1.4,0.16,11,61,8,0,3,0
Ethiopia,Wet,2009,Eth_43,0.8,0.25,7,22.5,NA,7.56,78.9,7.11,103,1.5,0.03,0.59,0.03,6,92,80,0,2,0
Ethiopia,Wet,2010,Eth_43,0.22,0.37,7,22.9,NA,8.08,75.1,7.18,103.9,11.7,0.04,0.43,0.04,23,124,33,0,0,0
Ethiopia,Dry,2011,Eth_44,0.8,0.6,7,19,253,6.94,62.3,7.4,97.8,20,0.34,18.56,0.27,46,200,101,0,0,0
Ethiopia,Dry,2006,Eth_44,0.69,0.25,6,19,175,7.3,60,7.3,94,2.5,0.85,0.14,0.97,3,0,0,0,2,0
Ethiopia,Dry,2007,Eth_44,0.19,0.19,7,18.1,18,7.1,50,6.6,86,1.2,0.14,1.11,0.11,6,2,2,0,1,0
Ethiopia,Dry,2008,Eth_45,0.05,0.4,3,25,18,7.3,120,5.6,100,3,0.4,0.56,0.3,3,0,0,0,2,0
Ethiopia,Dry,2009,Eth_45,0.27,0.5,6,21.1,NA,7.4,79.9,6.91,94.9,0.21,0.55,2.31,0.5,10,55,0,0,1,0
Ethiopia,Dry,2011,Eth_45,1.2,0.4,4,22.5,38.8,7.18,51.2,6.85,98.7,18,0.31,17.36,0.4,10,22,37,0,0,0
Ethiopia,Dry,2010,Eth_45,0.8,0.5,8,21,180,7.56,49.2,6.96,97.6,7.5,0.07,6.47,0.91,3,18,5,0,0,0
Ethiopia,Wet,2008,Eth_45,0.45,0.7,4,18.8,53.08,7.07,70,7.69,98,2.2,0.02,1.28,0.02,16,39,3,0,2,0
Ethiopia,Wet,2009,Eth_45,0.72,0.3,5,17.8,NA,6.33,64.2,7.53,97.8,1.6,0.03,1.28,0.04,6,30,33,0,6,0
Ethiopia,Wet,2010,Eth_45,0.47,0.23,7.1,22.8,NA,8.28,67.9,6.69,96.3,12.8,0.04,0.03,0.16,0,11,21,0,5,0
Ethiopia,Dry,2006,Eth_46,0.34,0.29,9,22,131,8,110,7.2,100,2.2,2.6,0.55,0.71,1,0,2,0,4,0
Ethiopia,Dry,2007,Eth_46,0.5,0.4,10,25,160,7.9,100,5.3,96,1.6,0.75,2.6,0.87,16,0,0,2,2,0
Ethiopia,Dry,2008,Eth_46,0.24,0.21,10,18,18,7.9,100,7.8,90,2.4,0.04,1.86,0.14,11,12,0,0,1,0
Ethiopia,Dry,2009,Eth_46,0.12,0.4,10,21.2,NA,8.03,114.8,7.39,102,2.2,0.2,0.15,0.01,6,5,12,0,1,0
Ethiopia,Dry,2010,Eth_46,0.8,0.4,15,19.5,389,6.6,80,7.2,100,6.6,0.04,1.87,0.02,4,11,22,0,30,0
Ethiopia,Dry,2011,Eth_46,0.6,0.7,10,21.4,63.5,7.3,65,7.03,98.3,8,0.32,16.92,0.18,10,50,62,0,0,0
Ethiopia,Wet,2008,Eth_46,0.7,0.4,15,19.2,80,6.45,80,NA,100,23,1.72,3.33,1.5,7,38,6,0,0,0
Ethiopia,Wet,2009,Eth_46,0.9,0.7,10,18.6,NA,7.61,69.8,7.46,101,1.9,0.02,0.7,0.02,0,1,0,0,0,0
Ethiopia,Wet,2010,Eth_46,1.16,0.5,12,20.7,NA,7.93,79.7,7.08,97.4,50.9,0.03,0.61,0.1,135,60,2,0,0,0
Ethiopia,Dry,2006,Eth_47,0.6,0.38,3,19,312,7.5,130,7.8,93,2.1,1.44,0.58,0.82,0,0,0,0,1,0
Ethiopia,Dry,2007,Eth_47,0.83,0.3,3.7,17,614,7,80,6,79,2.5,1.6,3.37,3.08,1,0,1,0,5,0
Ethiopia,Dry,2008,Eth_47,0.21,0.35,3,20,20,7.5,140,3.2,85,2.8,0.06,2.64,0.14,13,2,4,0,0,0
Ethiopia,Dry,2009,Eth_47,0.9,0.5,3,20.2,NA,7.3,93.1,6.31,85.6,4.2,0.54,3.95,0.02,0,0,0,0,7,0
Ethiopia,Dry,2010,Eth_47,0.5,0.32,2.5,20.6,104,7.47,92.9,6.75,92.8,7.8,0.01,8.15,0.17,7,8,17,0,0,0
Ethiopia,Dry,2011,Eth_47,0.4,0.85,3.2,19.1,135,6.95,85,6.78,90.8,11,0.19,11.2,0.17,6,19,9,0,4,0
Ethiopia,Wet,2007,Eth_47,1.7,0.68,5.6,17.5,47,6.9,80,7.8,88,1.5,0.66,3.5,0.66,6,2,2,0,1,0
Ethiopia,Wet,2008,Eth_47,0.15,0.43,2.2,15.6,50,6.96,120,NA,90,24,0.08,1.3,0.01,3,17,35,0,18,0
Ethiopia,Wet,2009,Eth_47,0.5,0.2,6,19.4,NA,7.21,103.1,7,94.1,0.5,0.02,0.98,0.03,83,22,16,0,0,0
Ethiopia,Wet,2010,Eth_47,1,0.3,5.2,22.6,NA,7.7,89.4,6.22,89.4,12,0.03,0.68,0.35,34,21,19,1,0,0
Ethiopia,Dry,2008,Eth_49,0.45,0.35,20,21,20,7.5,130,6.5,88,3,0.55,0.24,0.17,4,0,6,0,0,0
Ethiopia,Dry,2009,Eth_49,0.45,0.5,13,21.8,NA,7.42,78.2,7.41,104.2,4.5,0.5,1.2,0.09,0,13,1,0,0,0
Ethiopia,Dry,2011,Eth_49,0.8,0.75,9.3,20.3,61,7.23,63.1,7.22,99.5,8,0.06,5.23,0.14,32,4,87,0,1,0
Ethiopia,Wet,2009,Eth_49,0.9,0.5,14,17.3,NA,8.06,91.1,7.58,97.8,1,0.02,0.32,0.02,2,3,30,0,24,0
Ethiopia,Wet,2010,Eth_49,0.76,0.45,14,18.8,NA,8.18,87.3,7.35,98.5,16.3,0.03,0.02,11.83,9,41,0,0,0,0
Ethiopia,Dry,2006,Eth_5,0.22,0.25,1.8,20,32,8,100,7,110,1.5,1.15,0.51,0.13,0,0,0,0,0,0
Ethiopia,Dry,2007,Eth_5,0.7,0.7,5,18,79,7.3,50,6.2,105,2,0.76,2.55,0.32,2,6,0,2,20,0
Ethiopia,Dry,2008,Eth_5,0.3,0.3,5,21.5,22,7.5,100,7.2,86,2.2,1.2,1.5,0.25,17,21,15,0,3,0
Ethiopia,Dry,2008,Eth_5,0.35,0.32,5,20,55,7,90,6.8,95,2.2,0.2,0.15,0.01,7,16,12,0,0,0
Ethiopia,Dry,2009,Eth_5,0.15,0.3,2.5,21.6,NA,8.02,113.8,7.03,100,2.2,0.07,0.31,0.02,57,0,0,0,0,0
Ethiopia,Dry,2011,Eth_5,0.33,0.23,2.43,22.6,33.8,7.76,134.4,6.44,92.4,11,0.15,14.17,0.11,0,0,0,0,0,0
Ethiopia,Dry,2010,Eth_5,0.68,0.66,4,21.5,89.5,7.42,64.2,6.75,97.1,5.3,0.05,2.56,0.01,2,6,0,0,0,0
Ethiopia,Wet,2008,Eth_5,0.5,1.2,3,20.2,55,7.43,70,7.54,97,3.7,0.06,1.3,0.17,2,4,125,0,59,0
Ethiopia,Wet,2008,Eth_5,0.35,0.35,5,18.3,5.5,7,90,6.6,88,3.2,0.22,4.05,0.02,0,0,0,0,0,0
Ethiopia,Wet,2009,Eth_5,0.4,0.74,5,20.6,NA,7.23,66.4,7.25,99.9,3.2,0.03,0.18,0.09,16,60,24,0,0,0
Ethiopia,Wet,2010,Eth_5,0.75,0.4,3.7,21.9,NA,7.97,79.3,7.16,99.7,22.3,0.04,0.25,0.18,4,16,0,0,1,0
Ethiopia,Dry,2008,Eth_50,0.45,0.35,20,20,45,7.8,120,5,88,2.9,0.05,2.5,0.01,8,3,27,0,10,0
Ethiopia,Dry,2009,Eth_50,0.51,0.5,18,19.2,NA,7.54,77.6,7.33,99.7,4.7,1.9,1.66,0.02,14,38,12,0,7,0
Ethiopia,Dry,2010,Eth_50,0.52,0.5,18,22.4,NA,8.25,115.9,7.19,103.6,2.8,0.02,4.87,0.49,22,39,8,0,0,0
Ethiopia,Dry,2011,Eth_50,0.7,0.8,10,19.2,70,7.18,63.2,7.2,97.1,10,0.06,5.31,0.2,35,35,155,0,0,0
Ethiopia,Dry,2006,Eth_50,0.44,0.37,20,19,16,8.2,100,8.9,93,1.4,1.07,0.34,0.15,0,2,2,0,0,0
Ethiopia,Dry,2007,Eth_50,0.46,0.37,21,17.5,31,7.5,100,7.4,97,2,0.59,1.2,0.36,17,3,1,3,18,5
Ethiopia,Wet,2008,Eth_50,0.8,0.7,12,18,36,7.1,70,NA,137,2.7,0.19,1.71,0.19,7,19,34,0,8,0
Ethiopia,Wet,2009,Eth_50,0.8,0.5,16,16.6,NA,7.87,90.4,7.75,98.6,1,0.02,0.31,0.02,3,0,43,0,22,0
Ethiopia,Wet,2010,Eth_50,0.77,0.34,18,17.5,NA,7.83,90.2,7.63,90.2,12.3,0.03,0.51,0.39,0,25,81,0,0,0
Ethiopia,Dry,2009,Eth_51,0.55,0.5,17,18.2,NA,7.55,79.1,7.31,98.6,2.8,1.7,0.35,0.06,10,15,51,0,0,0
Ethiopia,Dry,2011,Eth_51,0.7,0.8,10,18.4,73.1,7.28,63.5,7.36,97,9,0.05,5.09,0.15,3,0,0,0,0,0
Ethiopia,Dry,2010,Eth_51,0.58,0.4,20,21,NA,8.15,116.9,7.08,96.7,2.6,0.01,5.31,0.06,0,15,77,0,17,0
Ethiopia,Wet,2008,Eth_51,0.9,0.6,12,17.3,39,7.1,70,NA,124,3,0.21,0.89,0.2,4,0,35,0,6,0
Ethiopia,Wet,2009,Eth_51,0.8,0.5,16,15.9,NA,7.79,92.1,7.79,97.6,1.3,0.06,0.47,0.05,2,14,0,0,2,0
Ethiopia,Wet,2010,Eth_51,0.78,0.55,11,18.2,NA,7.78,97.9,7.43,97.1,24.8,0.03,0.47,0.42,8,80,110,0,0,0
Ethiopia,Dry,2009,Eth_53,0.6,0.25,5,18.9,NA,7.52,51.6,7.32,86,1.25,0.68,4.1,0.02,63,0,0,0,0,0
Ethiopia,Dry,2010,Eth_53,0.5,0.12,6,18,35,7.69,54,7.34,99.8,8.6,0.02,2.66,1.49,1,3,1,0,1,0
Ethiopia,Dry,2011,Eth_53,0.65,0.3,6,17,28.2,7.07,51.3,7.24,96.6,8,0.17,10.19,0.14,14,47,4,0,0,0
Ethiopia,Wet,2008,Eth_53,0.52,0.12,6,14.4,13,7.13,70,NA,95,2.9,0.05,2.5,0.01,4,13,5,0,1,0
Ethiopia,Wet,2009,Eth_53,0.95,0.2,5.9,17.1,NA,7.02,52.3,7.59,101.4,1.2,0.03,1.1,0.03,2,22,0,0,4,0
Ethiopia,Wet,2010,Eth_53,0.51,0.12,5,18.1,NA,8.01,58.9,7.44,100,8.6,0.04,0.38,0.18,9,18,21,0,2,0
Ethiopia,Dry,2006,Eth_54,0.85,0.4,6,18,107,7.4,100,7.1,94,2.6,2.34,0.45,0.86,2,0,0,0,3,0
Ethiopia,Dry,2007,Eth_54,1,0.26,6,25,77,7.8,100,5.5,116,2.2,0.34,2.2,0.54,19,5,63,0,5,0
Ethiopia,Dry,2008,Eth_54,0.45,0.14,4,20,24,8,160,6.1,88,2.6,0.05,3.07,0.02,15,150,100,0,0,0
Ethiopia,Dry,2009,Eth_54,0.83,0.4,6,19.6,NA,7.75,89,7.31,99.2,2.3,0.89,3.45,1.5,0,2,9,0,5,0
Ethiopia,Dry,2010,Eth_54,0.8,0.6,8,17.1,347,7.68,81.7,7.76,99.1,9.1,0.01,5.18,0.17,8,30,19,0,0,0
Ethiopia,Dry,2011,Eth_54,0.8,0.32,8.5,18,49.3,7.4,79.9,7.59,99.9,10,0.1,17.14,0.04,6,24,26,0,1,0
Ethiopia,Wet,2008,Eth_54,0.4,0.3,5.25,15.6,10.5,7.03,110,NA,98,2.1,0.91,1.31,0.49,9,11,15,0,4,0
Ethiopia,Wet,2009,Eth_54,0.8,0.6,7,16.8,NA,7.74,128.3,7.59,98.6,1.3,0.03,0.96,0.02,11,14,32,0,22,0
Ethiopia,Wet,2010,Eth_54,1.12,0.22,6.5,20.6,NA,8.11,118.4,7.89,99.8,19.1,0.04,0.3,0.05,2,8,29,0,3,0
Ethiopia,Dry,2009,Eth_55,0.9,0.3,3.2,20.9,NA,8.14,100.7,7.45,103,3.2,0.23,0.12,0.12,5,4,5,0,2,0
Ethiopia,Dry,2010,Eth_55,0.8,0.3,3,18.8,NA,7.67,70,7.2,110,3.3,0.04,3.85,0.5,20,0,0,0,0,0
Ethiopia,Dry,2011,Eth_55,0.4,0.47,7.2,18.6,71.4,7.4,77.4,7.55,98,11,0.18,7.71,0.16,11,14,13,0,2,0
Ethiopia,Wet,2008,Eth_55,0.9,0.3,3.2,20.7,12,7.22,70,7.56,100,4.1,0.08,1.05,0.18,15,0,0,0,2,0
Ethiopia,Wet,2009,Eth_55,0.7,0.27,4.5,16.5,NA,7.32,66.4,8.08,100.1,1.3,0.01,0.65,0.09,5,18,12,0,5,0
Ethiopia,Wet,2010,Eth_55,1,0.28,7.2,18.6,NA,7.67,72.6,7.53,98.7,20.4,0.03,1.14,0.45,2,12,10,0,2,0
Ethiopia,Dry,2009,Eth_56,0.37,0.14,1.8,21,NA,7.89,106.5,6.73,95,3.5,0.2,0.15,0.02,79,0,0,0,0,0
Ethiopia,Dry,2011,Eth_56,0.5,0.14,1.7,20.9,99,7.62,90.5,6.9,97.7,15,0.18,7.13,0.16,10,0,0,0,0,0
Ethiopia,Dry,2010,Eth_56,0.2,0.18,1.8,18.2,NA,7.85,106.5,7.03,96.6,2.9,0.02,1.56,0.01,7,45,2,0,5,0
Ethiopia,Wet,2008,Eth_56,0.37,0.14,1.8,19.5,13,7.28,70,7.1,87,4.2,0.74,3.74,1.96,5,0,0,0,7,0
Ethiopia,Wet,2009,Eth_56,0.8,0.22,1.8,19.5,NA,6.66,59.7,7.2,100.4,1,0.02,0.87,0.03,2,85,64,0,12,0
Ethiopia,Wet,2010,Eth_56,0.74,0.2,2.5,21.7,NA,7.67,59.7,6.73,96.5,51,0.03,0.46,0.41,3,14,19,0,12,3
Ethiopia,Dry,2009,Eth_57,0.33,0.35,7,21.9,NA,7.69,82.5,7.04,99,0.23,0.64,0.6,0.04,15,130,0,0,2,0
Ethiopia,Dry,2010,Eth_57,0.7,0.3,8,18.9,709,7.05,47.4,7.5,99,7.5,0.06,6.16,0.12,15,27,15,0,3,0
Ethiopia,Dry,2011,Eth_57,0.8,0.5,7,19.9,485,7.37,72.1,7.18,102,12,0.35,21.79,0.18,66,140,41,0,6,0
Ethiopia,Dry,2008,Eth_6,0.36,0.5,3.6,23,15,7.5,90,3.5,96,3.3,0.05,3.2,0.02,15,8,32,0,0,0
Ethiopia,Dry,2008,Eth_6,0.38,0.5,5.5,20,1000,7,70,6.5,94,2.2,0.07,0.31,0.02,90,0,0,0,0,0
Ethiopia,Dry,2009,Eth_6,0.42,0.5,5,24.3,NA,8.03,95.3,7.29,107.3,2.5,0.12,0.96,0.01,1,33,9,0,0,0
Ethiopia,Dry,2010,Eth_6,0.6,0.6,4,21.4,36.7,7.53,58.7,7.07,98.6,6.3,0.03,3.91,0.18,6,92,45,0,6,0
Ethiopia,Dry,2011,Eth_6,0.9,0.8,3.2,20.8,183,7.34,54.6,7.14,99.1,33,0.32,17.4,0.09,6,13,7,0,0,0
Ethiopia,Wet,2008,Eth_6,0.2,0.5,6,17.2,19,7.47,70,NA,90,2.6,0.03,1.33,0.01,44,48,9,0,12,0
Ethiopia,Wet,2009,Eth_6,0.62,0.6,6,20.2,NA,8.06,75.3,7.83,106.5,1.2,0.03,0.36,0.07,16,32,99,0,7,0
Ethiopia,Wet,2010,Eth_6,0.67,0.45,4.5,19.5,NA,8.1,76.5,7.63,102.1,11.9,0.04,0.36,0.16,25,30,55,0,0,0
Ethiopia,Dry,2008,Eth_7,1,0.43,1,24,10,6.7,160,4.2,70,4,0.55,1.36,0.04,6,5,0,0,0,0
Ethiopia,Dry,2009,Eth_7,0.22,1.2,9,22,NA,6.69,194.9,4.54,63.1,3.2,0.22,4.05,0.02,0,27,0,0,4,0
Ethiopia,Dry,2010,Eth_7,0.22,2.5,10,23.9,45.9,6.75,139.1,0.53,7.9,12,0.27,0.2,0.4,12,0,0,0,0,0
Ethiopia,Dry,2011,Eth_7,0.03,3,10.8,22,2.89,7.01,230,2.5,35.9,60,0.58,3.99,0.31,18,10,2,0,0,0
Ethiopia,Dry,2007,Eth_7,0.12,1,10,21.6,69,7,170,3.6,60,240,0.66,1.57,0.44,74,35,0,0,0,0
Ethiopia,Wet,2008,Eth_7,0.2,1,13,20.1,37,6.9,80,6,60,2.8,1.7,0.35,0.06,0,0,0,0,0,0
Ethiopia,Wet,2010,Eth_7,0.25,3,9,23.1,NA,7.25,136.2,4.86,69.5,28.8,0.04,0.07,0.01,16,9,16,0,4,0
Ethiopia,Wet,2009,Eth_7,0.2,1.8,10,20.9,NA,6.93,97.3,5,68.6,1.6,0.07,0.16,0.03,5,18,3,0,0,0
Ethiopia,Wet,2007,Eth_7,0.8,0.7,22,18.6,47,6.3,80,4.4,10,3.5,1.13,1.5,0.5,25,0,0,0,0,0
Ethiopia,Dry,2006,Eth_8,0.39,0.5,8,22,89,7.4,90,7.6,92,2.7,1.3,0.27,0.46,0,0,0,0,0,0
Ethiopia,Dry,2008,Eth_8,0.09,0.9,7,19,14,7.3,100,6.4,80,1.3,0.22,1.31,1,2,0,0,0,0,0
Ethiopia,Dry,2008,Eth_8,0.28,1,8,17,560,6.9,70,6.7,6.9,7,1.7,1.9,1.1,2,19,23,0,16,0
Ethiopia,Dry,2009,Eth_8,0.2,0.25,5,21.2,NA,7.39,103.3,6.15,88,2.2,1.7,0.27,0.99,47,0,0,0,0,0
Ethiopia,Dry,2011,Eth_8,0.3,1,10,20.6,259,6.74,64.2,5.47,74.9,64,0.08,10.58,0.45,4,22,0,0,0,0
Ethiopia,Dry,2010,Eth_8,0.34,0.6,9,20.1,69,7.11,85.5,6.42,86.7,8,0.08,2.38,0.7,8,0,0,0,0,0
Ethiopia,Wet,2008,Eth_8,0.5,0.6,9,20.1,32.98,7.07,70,NA,151,3.1,1.4,0.56,0.21,1,8,40,0,3,0
Ethiopia,Wet,2009,Eth_8,0.7,1.2,10,19.5,NA,6.77,62.7,6.57,88.1,2.8,0.4,0.95,0.4,83,23,17,0,0,0
Ethiopia,Wet,2010,Eth_8,0.4,0.8,8,21.3,NA,7.57,71.8,6.11,86.9,48,0.03,0.8,0.31,99,45,5,0,0,0
Ethiopia,Dry,2006,Eth_9,0.27,0.09,2.5,21.6,12,8,130,8.1,94,1.8,1.28,0.02,0.08,6,0,0,0,0,0
Ethiopia,Dry,2007,Eth_9,1.1,1,4,19,67,6.8,40,7.6,100,0.6,1.4,3.35,1.6,18,1,0,0,0,0
Ethiopia,Wet,2009,Eth_9,0.72,0.12,5.6,14.6,NA,7.55,50.8,7.67,100.3,1,0.03,1.82,0.02,32,2,1,0,0,0
Vietnam,Dry,2009,Vie_1_1,0.91,NA,NA,27.9,11.8,7.8,67,7.4,NA,2,0.11,0.42,NA,382,23,0,3,1,0
Vietnam,Dry,2010,Vie_1_1,0.64,NA,NA,25.8,63,7.7,132,7.1,NA,2.24,0.17,0.35,NA,3,13,0,2,19,0
Vietnam,Wet,2009,Vie_1_1,1.02,NA,NA,30.1,83,8.51,93,7.6,NA,2.8,0.34,0.42,NA,21,9,0,7,0,6
Vietnam,Wet,2010,Vie_1_1,0.71,NA,NA,25.5,42,6.6,92,7.1,NA,1,0.1,0.54,NA,21,9,37,7,0,0
Vietnam,Dry,2009,Vie_1_3,0.56,NA,NA,29.7,24.2,7.9,174,6.8,NA,2,0.09,0.43,NA,25,61,7,2,0,1
Vietnam,Dry,2010,Vie_1_3,0.39,NA,NA,28.6,92,7.8,287,6.8,NA,3.96,0.18,0.36,NA,13,11,1,0,0,0
Vietnam,Wet,2009,Vie_1_3,0.68,NA,NA,31.6,35.6,8.09,218,6.91,NA,2,0.35,0.67,NA,32,34,3,1,0,3
Vietnam,Wet,2010,Vie_1_3,0.48,NA,NA,26.3,97,6.6,123,6.7,NA,1,0.05,0.57,NA,32,24,3,1,0,0
Vietnam,Dry,2009,Vie_1_5,0.47,NA,NA,28.7,29.3,7.64,207,6.13,NA,2,0.09,0.43,NA,1,3,0,0,0,0
Vietnam,Dry,2010,Vie_1_5,0.33,NA,NA,28.2,213,7.4,284,6.1,NA,4.31,0.05,0.97,NA,19,0,0,0,0,0
Vietnam,Wet,2009,Vie_1_5,0.65,NA,NA,31.4,65,7.79,238,5.96,NA,1,0.37,0.7,NA,1,0,0,0,0,0
Vietnam,Wet,2010,Vie_1_5,0.46,NA,NA,27.5,187,6.5,266,6.1,NA,1,0.17,0.8,NA,1,0,0,0,0,0
Vietnam,Dry,2009,Vie_1_6,0.78,NA,NA,30.8,46.2,7.5,253,6.5,NA,1,0.23,0.9,NA,0,5,0,1,0,0
Vietnam,Dry,2010,Vie_1_6,0.55,NA,NA,29.2,95.6,5.9,295,5.6,NA,6.02,0.05,0.93,NA,0,2,0,0,0,0
Vietnam,Wet,2009,Vie_1_6,0.81,NA,NA,31.3,35,7.05,200,6.62,NA,4.3,0.32,0.73,NA,12,0,0,0,0,0
Vietnam,Wet,2010,Vie_1_6,0.57,NA,NA,29.1,176,5.6,259,6,NA,1,0.05,0.64,NA,12,0,0,0,0,0
Vietnam,Dry,2009,Vie_2_1,0.76,NA,NA,26.4,15.5,7.48,224,7.3,NA,2,0.08,0.75,NA,3,4,4,1,0,9
Vietnam,Dry,2010,Vie_2_1,0.53,NA,NA,25.4,36,7.2,335,7.5,NA,3.27,0.05,0.52,NA,1,1,0,2,3,6
Vietnam,Wet,2009,Vie_2_1,0.92,NA,NA,28.1,6.5,7.84,387,7.1,NA,1,0.23,0.69,NA,12,4,3,4,4,11
Vietnam,Wet,2010,Vie_2_1,0.64,NA,NA,25.8,101,6.7,157,6.9,NA,1,0.1,0.58,NA,12,4,0,4,4,0
Vietnam,Dry,2009,Vie_2_3,0.51,NA,NA,28.5,36.4,7.06,270,5.9,NA,2,0.09,0.43,NA,4,8,2,0,0,0
Vietnam,Dry,2010,Vie_2_3,0.36,NA,NA,28.1,287,7.1,337,6,NA,3.96,0.05,1.22,NA,31,2,0,0,1,0
Vietnam,Wet,2009,Vie_2_3,0.72,NA,NA,31.1,153,7.61,370,5.74,NA,2.4,0.32,0.55,NA,7,5,0,0,0,0
Vietnam,Wet,2010,Vie_2_3,0.5,NA,NA,27.4,185,6.2,410,5.8,NA,2.7,0.18,0.81,NA,7,5,0,0,0,0
Vietnam,Dry,2009,Vie_1_15,0.62,NA,NA,29.4,27.2,7.8,180,6.76,NA,3,0.13,0.41,NA,115,26,3,1,1,0
Vietnam,Dry,2010,Vie_1_15,0.43,NA,NA,27.7,103,7.6,323,6.7,NA,3.27,0.05,0.38,NA,44,18,37,0,0,3
Vietnam,Wet,2009,Vie_1_15,0.84,NA,NA,31.2,25,7.85,240,7.09,NA,2,0.28,0.48,NA,73,179,24,8,0,8
Vietnam,Wet,2010,Vie_1_15,0.59,NA,NA,26.9,101,6.1,191,6.5,NA,1,0.05,0.42,NA,73,37,24,8,0,0
Vietnam,Dry,2009,Vie_1_14,0.82,NA,NA,30.8,101,8.5,116,5.65,NA,1,0.1,0.74,NA,12,1,0,1,1,0
Vietnam,Dry,2010,Vie_1_14,0.57,NA,NA,27.7,235,7,135,6.8,NA,7.01,0.12,1.08,NA,8,1,0,0,0,0
Vietnam,Wet,2009,Vie_1_14,1.09,NA,NA,31.6,198,6.26,103,5.67,NA,5,0.35,1.08,NA,2,2,0,0,0,0
Vietnam,Wet,2010,Vie_1_14,0.76,NA,NA,30.2,149,5.8,110,6.3,NA,2.8,0.14,1.23,NA,2,2,0,0,0,0
Vietnam,Dry,2009,Vie_2_11,0.92,NA,NA,29.6,34.8,7.25,86,5.22,NA,1,0.17,0.8,NA,0,0,0,3,0,0
Vietnam,Dry,2010,Vie_2_11,0.64,NA,NA,27.3,67.7,6.8,132,6.9,NA,5.64,0.05,0.85,NA,11,1,0,1,0,0
Vietnam,Wet,2009,Vie_2_11,1.02,NA,NA,32.4,21,6.99,106,7.54,NA,2,0.32,0.96,NA,128,0,0,0,0,0
Vietnam,Wet,2010,Vie_2_11,0.71,NA,NA,28.4,26.3,6.2,108,6.3,NA,1,0.05,0.71,NA,120,1,0,0,0,0
Vietnam,Dry,2009,Vie_2_12,0.7,NA,NA,29.9,30,7.1,80,5.93,NA,3,0.12,0.77,NA,5,1,0,2,0,0
Vietnam,Dry,2010,Vie_2_12,0.49,NA,NA,28.4,69.6,6.9,134,6.7,NA,5.64,0.05,0.94,NA,55,0,0,0,0,0
Vietnam,Wet,2009,Vie_2_12,0.88,NA,NA,31.7,53,6.93,90,7.13,NA,2,0.36,0.63,NA,115,4,0,33,0,0
Vietnam,Wet,2010,Vie_2_12,0.62,NA,NA,29.4,98,6.3,101,5.9,NA,1,0.05,1.1,NA,115,0,0,0,0,0
Vietnam,Dry,2009,Vie_2_8,0.23,NA,NA,29.6,20.2,7.03,100,6.86,NA,4,0.17,0.46,NA,90,9,54,2,0,0
Vietnam,Dry,2010,Vie_2_8,0.16,NA,NA,30.1,106,6.8,187,6.4,NA,4.25,0.05,0.79,NA,90,32,5,3,0,0
Vietnam,Wet,2009,Vie_2_8,0.31,NA,NA,31,31,7.29,134,7.11,NA,1,0.33,0.55,NA,127,4,0,21,0,0
Vietnam,Wet,2010,Vie_2_8,0.22,NA,NA,27.6,181,5.6,146,6.5,NA,2,0.05,0.71,NA,120,4,0,2,0,0
Vietnam,Dry,2009,Vie_2_9,0.67,NA,NA,29.9,30,7.1,80,5.93,NA,2,0.49,0.71,NA,32,23,0,1,0,0
Vietnam,Dry,2010,Vie_2_9,0.47,NA,NA,24.6,192,5.9,126,6.6,NA,4.27,0.05,0.62,NA,15,0,0,0,0,0
Vietnam,Wet,2009,Vie_2_9,0.86,NA,NA,32.6,11,6.99,106,5.77,NA,4,0.01,0.59,NA,47,24,2,0,0,0
Vietnam,Wet,2010,Vie_2_9,0.6,NA,NA,27.5,25,6.6,124,6.5,NA,1,0.05,0.82,NA,47,24,2,0,0,0
Vietnam,Dry,2009,Vie_1_17,0.48,NA,NA,30,21.4,7.87,225,6.83,NA,3,0.1,0.59,NA,0,3,7,0,0,0
Vietnam,Dry,2010,Vie_1_17,0.34,NA,NA,27.8,164,7.8,284,6.9,NA,4.31,0.11,0.57,NA,110,56,42,37,0,4
Vietnam,Wet,2009,Vie_1_17,0.62,NA,NA,30.6,34.9,7.89,290,7.17,NA,2,0.23,0.39,NA,19,2,0,0,0,0
Vietnam,Wet,2010,Vie_1_17,0.43,NA,NA,26.7,318,5.7,272,6.3,NA,2.7,0.17,0.55,NA,9,2,0,0,0,0
Vietnam,Dry,2009,Vie_1_16,0.17,NA,NA,26,30,6.1,186,7.14,NA,2,0.16,0.57,NA,23,142,5,0,0,0
Vietnam,Dry,2010,Vie_1_16,0.12,NA,NA,24.6,134,6.3,230,7,NA,3.18,0.05,1.05,NA,7,7,0,0,1,0
Vietnam,Wet,2009,Vie_1_16,0.26,NA,NA,27.4,9,6.92,156,6.9,NA,3,0.32,0.44,NA,67,30,7,0,0,16
Vietnam,Wet,2010,Vie_1_16,0.18,NA,NA,26.5,27,5.3,250,7.1,NA,1,0.05,0.8,NA,67,30,7,0,0,9
Vietnam,Dry,2009,Vie_2_23,0.05,NA,NA,27.4,93,6.5,767,5.5,NA,6,0.21,0.72,NA,3,0,0,0,0,0
Vietnam,Dry,2010,Vie_2_23,0.03,NA,NA,27,454,7.1,915,5.2,NA,28.8,4.14,0.22,NA,15,2,0,0,0,0
Vietnam,Wet,2009,Vie_2_23,0.08,NA,NA,30.4,47,7.4,900,4.52,NA,4,0.41,0.17,NA,6,2,0,0,0,0
Vietnam,Wet,2010,Vie_2_23,0.05,NA,NA,26.8,364,5.8,681,3.2,NA,6.7,1.31,0.7,NA,6,2,0,0,0,0
